<?xml version="1.0" encoding="UTF-8"?>
<export version="E">
  <design>
    <source>C:\Projects\Pixels-dice\Electrical\JIGs\LCC Jig Plug\main\main.kicad_sch</source>
    <date>12/10/2023 3:30:33 PM</date>
    <tool>Eeschema 7.0.5</tool>
    <sheet number="1" name="/" tstamps="/">
      <title_block>
        <title/>
        <company/>
        <rev/>
        <date/>
        <source>main.kicad_sch</source>
        <comment number="1" value=""/>
        <comment number="2" value=""/>
        <comment number="3" value=""/>
        <comment number="4" value=""/>
        <comment number="5" value=""/>
        <comment number="6" value=""/>
        <comment number="7" value=""/>
        <comment number="8" value=""/>
        <comment number="9" value=""/>
      </title_block>
    </sheet>
  </design>
  <components>
    <comp ref="C1">
      <value>12nF 50V 5% NP0</value>
      <footprint>Capacitor_SMD:C_0805_2012Metric</footprint>
      <fields>
        <field name="Generic OK">NO</field>
        <field name="LCSC Part Number">C97906</field>
        <field name="Manufacturer">Murata</field>
        <field name="Manufacturer Part Number">GRM2195C1H123JA01D</field>
        <field name="Pixels Part Number">SMD-C011</field>
      </fields>
      <libsource lib="Device" part="C" description="Unpolarized capacitor"/>
      <property name="Generic OK" value="NO"/>
      <property name="Pixels Part Number" value="SMD-C011"/>
      <property name="Manufacturer" value="Murata"/>
      <property name="Manufacturer Part Number" value="GRM2195C1H123JA01D"/>
      <property name="LCSC Part Number" value="C97906"/>
      <property name="Sheetname" value=""/>
      <property name="Sheetfile" value="main.kicad_sch"/>
      <property name="ki_description" value="Unpolarized capacitor"/>
      <property name="ki_keywords" value="cap capacitor"/>
      <sheetpath names="/" tstamps="/"/>
      <tstamps>864cae8d-3068-43c1-9315-a0a16f8b00e4</tstamps>
    </comp>
    <comp ref="C2">
      <value>4.7uF 25V 20%</value>
      <footprint>Capacitor_SMD:C_0603_1608Metric</footprint>
      <fields>
        <field name="Generic OK">YES</field>
        <field name="LCSC Part Number">C90057</field>
        <field name="Manufacturer">Murata</field>
        <field name="Manufacturer Part Number">GRM188R61E475KE11D</field>
        <field name="Pixels Part Number">SMD-C010</field>
      </fields>
      <libsource lib="Device" part="C" description="Unpolarized capacitor"/>
      <property name="Generic OK" value="YES"/>
      <property name="Pixels Part Number" value="SMD-C010"/>
      <property name="Manufacturer" value="Murata"/>
      <property name="Manufacturer Part Number" value="GRM188R61E475KE11D"/>
      <property name="LCSC Part Number" value="C90057"/>
      <property name="Sheetname" value=""/>
      <property name="Sheetfile" value="main.kicad_sch"/>
      <property name="ki_description" value="Unpolarized capacitor"/>
      <property name="ki_keywords" value="cap capacitor"/>
      <sheetpath names="/" tstamps="/"/>
      <tstamps>91795c69-0eec-421e-9bec-ab6bd520449d</tstamps>
    </comp>
    <comp ref="C3">
      <value>22uF 10V 20%</value>
      <footprint>Capacitor_SMD:C_0603_1608Metric</footprint>
      <fields>
        <field name="Generic OK">YES</field>
        <field name="LCSC Part Number">C84419</field>
        <field name="Manufacturer">Murata</field>
        <field name="Manufacturer Part Number">GRM188R61A226ME15D</field>
        <field name="Pixels Part Number">SMD-C002</field>
      </fields>
      <libsource lib="Device" part="C" description="Unpolarized capacitor"/>
      <property name="Generic OK" value="YES"/>
      <property name="Pixels Part Number" value="SMD-C002"/>
      <property name="Manufacturer" value="Murata"/>
      <property name="Manufacturer Part Number" value="GRM188R61A226ME15D"/>
      <property name="LCSC Part Number" value="C84419"/>
      <property name="Sheetname" value=""/>
      <property name="Sheetfile" value="main.kicad_sch"/>
      <property name="ki_description" value="Unpolarized capacitor"/>
      <property name="ki_keywords" value="cap capacitor"/>
      <sheetpath names="/" tstamps="/"/>
      <tstamps>633a9f47-3f4a-43b7-bc14-37c9e6126cb7</tstamps>
    </comp>
    <comp ref="D1">
      <value>BAV99S</value>
      <footprint>Package_TO_SOT_SMD:SOT-363_SC-70-6</footprint>
      <datasheet>https://assets.nexperia.com/documents/data-sheet/BAV99_SER.pdf</datasheet>
      <fields>
        <field name="Generic OK">YES</field>
        <field name="LCSC Part Number">C96225</field>
        <field name="Manufacturer">Nexperia</field>
        <field name="Manufacturer Part Number">BAV99S,115</field>
        <field name="Pixels Part Number">SMD-D001</field>
      </fields>
      <libsource lib="Pixels-dice" part="BAV99S-diode" description=""/>
      <property name="Generic OK" value="YES"/>
      <property name="Manufacturer" value="Nexperia"/>
      <property name="Manufacturer Part Number" value="BAV99S,115"/>
      <property name="Pixels Part Number" value="SMD-D001"/>
      <property name="LCSC Part Number" value="C96225"/>
      <property name="Sheetname" value=""/>
      <property name="Sheetfile" value="main.kicad_sch"/>
      <sheetpath names="/" tstamps="/"/>
      <tstamps>b082006c-3efe-44c5-8d47-63e0ced517b3 2f5c04ff-a140-4860-a3be-fa159f276d99</tstamps>
    </comp>
    <comp ref="J1">
      <value>Conn_01x04</value>
      <footprint>Connector_PinHeader_2.54mm:PinHeader_1x04_P2.54mm_Vertical</footprint>
      <libsource lib="Connector_Generic" part="Conn_01x04" description="Generic connector, single row, 01x04, script generated (kicad-library-utils/schlib/autogen/connector/)"/>
      <property name="LCSC Part Number" value=""/>
      <property name="Sheetname" value=""/>
      <property name="Sheetfile" value="main.kicad_sch"/>
      <property name="ki_description" value="Generic connector, single row, 01x04, script generated (kicad-library-utils/schlib/autogen/connector/)"/>
      <property name="ki_keywords" value="connector"/>
      <sheetpath names="/" tstamps="/"/>
      <tstamps>68c93fbc-f887-45fd-af6f-e7400f3cbd28</tstamps>
    </comp>
    <comp ref="J2">
      <value>Conn_01x03</value>
      <footprint>Connector_PinHeader_2.54mm:PinHeader_1x03_P2.54mm_Vertical</footprint>
      <libsource lib="Connector_Generic" part="Conn_01x03" description="Generic connector, single row, 01x03, script generated (kicad-library-utils/schlib/autogen/connector/)"/>
      <property name="LCSC Part Number" value=""/>
      <property name="Sheetname" value=""/>
      <property name="Sheetfile" value="main.kicad_sch"/>
      <property name="ki_description" value="Generic connector, single row, 01x03, script generated (kicad-library-utils/schlib/autogen/connector/)"/>
      <property name="ki_keywords" value="connector"/>
      <sheetpath names="/" tstamps="/"/>
      <tstamps>89ce7671-0218-4783-b07f-108bb1b03064</tstamps>
    </comp>
    <comp ref="P1">
      <value>COILA</value>
      <footprint>TestPoint:TestPoint_THTPad_D1.5mm_Drill0.7mm</footprint>
      <fields>
        <field name="Generic OK">N/A</field>
      </fields>
      <libsource lib="Connector_Generic" part="Conn_01x01" description="Generic connector, single row, 01x01, script generated (kicad-library-utils/schlib/autogen/connector/)"/>
      <property name="Generic OK" value="N/A"/>
      <property name="LCSC Part Number" value=""/>
      <property name="Sheetname" value=""/>
      <property name="Sheetfile" value="main.kicad_sch"/>
      <property name="ki_description" value="Generic connector, single row, 01x01, script generated (kicad-library-utils/schlib/autogen/connector/)"/>
      <property name="ki_keywords" value="connector"/>
      <sheetpath names="/" tstamps="/"/>
      <tstamps>aa801b68-4dd5-49a2-b1e5-ef3727c0ae36</tstamps>
    </comp>
    <comp ref="P2">
      <value>COILB</value>
      <footprint>TestPoint:TestPoint_THTPad_D1.5mm_Drill0.7mm</footprint>
      <fields>
        <field name="Generic OK">N/A</field>
      </fields>
      <libsource lib="Connector_Generic" part="Conn_01x01" description="Generic connector, single row, 01x01, script generated (kicad-library-utils/schlib/autogen/connector/)"/>
      <property name="Generic OK" value="N/A"/>
      <property name="LCSC Part Number" value=""/>
      <property name="Sheetname" value=""/>
      <property name="Sheetfile" value="main.kicad_sch"/>
      <property name="ki_description" value="Generic connector, single row, 01x01, script generated (kicad-library-utils/schlib/autogen/connector/)"/>
      <property name="ki_keywords" value="connector"/>
      <sheetpath names="/" tstamps="/"/>
      <tstamps>482405bf-37af-428e-b0cd-da56d1532a72</tstamps>
    </comp>
    <comp ref="R1">
      <value>100k 1%</value>
      <footprint>Pixels-dice:R_0402_1005Metric</footprint>
      <fields>
        <field name="Generic OK">YES</field>
        <field name="LCSC Part Number">C25741</field>
        <field name="Manufacturer">UNI-ROYAL(Uniroyal Elec)</field>
        <field name="Manufacturer Part Number">0402WGF1003TCE</field>
        <field name="Pixels Part Number">SMD-R006</field>
      </fields>
      <libsource lib="Device" part="R" description="Resistor"/>
      <property name="Generic OK" value="YES"/>
      <property name="Pixels Part Number" value="SMD-R006"/>
      <property name="Manufacturer" value="UNI-ROYAL(Uniroyal Elec)"/>
      <property name="Manufacturer Part Number" value="0402WGF1003TCE"/>
      <property name="LCSC Part Number" value="C25741"/>
      <property name="Sheetname" value=""/>
      <property name="Sheetfile" value="main.kicad_sch"/>
      <property name="ki_description" value="Resistor"/>
      <property name="ki_keywords" value="R res resistor"/>
      <sheetpath names="/" tstamps="/"/>
      <tstamps>830935b9-05ee-49fc-abc5-23807b06b5d2</tstamps>
    </comp>
    <comp ref="R2">
      <value>22k 1%</value>
      <footprint>Resistor_SMD:R_0402_1005Metric</footprint>
      <fields>
        <field name="Generic OK">YES</field>
        <field name="LCSC Part Number">C25768</field>
        <field name="Manufacturer">UNI-ROYAL(Uniroyal Elec)</field>
        <field name="Manufacturer Part Number">0402WGF2202TCE</field>
        <field name="Pixels Part Number">SMD-R002</field>
      </fields>
      <libsource lib="Device" part="R" description="Resistor"/>
      <property name="Generic OK" value="YES"/>
      <property name="Pixels Part Number" value="SMD-R002"/>
      <property name="Manufacturer" value="UNI-ROYAL(Uniroyal Elec)"/>
      <property name="Manufacturer Part Number" value="0402WGF2202TCE"/>
      <property name="LCSC Part Number" value="C25768"/>
      <property name="Sheetname" value=""/>
      <property name="Sheetfile" value="main.kicad_sch"/>
      <property name="ki_description" value="Resistor"/>
      <property name="ki_keywords" value="R res resistor"/>
      <sheetpath names="/" tstamps="/"/>
      <tstamps>8057563e-b5ab-45a3-81a0-72bcf28b7087</tstamps>
    </comp>
    <comp ref="U1">
      <value>PJ75BL50SA</value>
      <footprint>Pixels-dice:SOT-23</footprint>
      <fields>
        <field name="Generic OK">NO</field>
        <field name="LCSC Part Number">C5456751</field>
        <field name="Manufacturer">PJSEMI</field>
        <field name="Manufacturer Part Number">PJ75BL50SA</field>
      </fields>
      <libsource lib="Pixels-dice" part="HX6306P502MR" description=""/>
      <property name="Manufacturer" value="PJSEMI"/>
      <property name="Manufacturer Part Number" value="PJ75BL50SA"/>
      <property name="Pixels Part Number" value=""/>
      <property name="Generic OK" value="NO"/>
      <property name="LCSC Part Number" value="C5456751"/>
      <property name="Sheetname" value=""/>
      <property name="Sheetfile" value="main.kicad_sch"/>
      <sheetpath names="/" tstamps="/"/>
      <tstamps>4c5c0799-56d5-484e-a033-6a598c13ab50</tstamps>
    </comp>
    <comp ref="U2">
      <value>MCP73832T-2ACI/OT</value>
      <footprint>Package_TO_SOT_SMD:SOT-23-5</footprint>
      <datasheet>http://ww1.microchip.com/downloads/en/DeviceDoc/20001984g.pdf</datasheet>
      <fields>
        <field name="Generic OK">NO</field>
        <field name="LCSC Part Number">C38066</field>
        <field name="Manufacturer">Microchip</field>
        <field name="Manufacturer Part Number">MCP73832T-2ACI/OT</field>
        <field name="Pixels Part Number">SMD-U005</field>
      </fields>
      <libsource lib="Pixels-dice" part="MCP73831-2-OT-battery_management" description=""/>
      <property name="Generic OK" value="NO"/>
      <property name="Manufacturer" value="Microchip"/>
      <property name="Manufacturer Part Number" value="MCP73832T-2ACI/OT"/>
      <property name="Pixels Part Number" value="SMD-U005"/>
      <property name="LCSC Part Number" value="C38066"/>
      <property name="Sheetname" value=""/>
      <property name="Sheetfile" value="main.kicad_sch"/>
      <sheetpath names="/" tstamps="/"/>
      <tstamps>0d40a955-2ff6-47c1-a5af-8bde0e462b3b</tstamps>
    </comp>
    <comp ref="W1">
      <value>VIN</value>
      <footprint>Pixels-dice:TEST_PIN</footprint>
      <fields>
        <field name="Generic OK">N/A</field>
      </fields>
      <libsource lib="Pixels-dice" part="TEST_1P-conn" description=""/>
      <property name="Generic OK" value="N/A"/>
      <property name="LCSC Part Number" value=""/>
      <property name="Sheetname" value=""/>
      <property name="Sheetfile" value="main.kicad_sch"/>
      <sheetpath names="/" tstamps="/"/>
      <tstamps>1cecb702-4496-4e33-af7b-1d2d6be4682c</tstamps>
    </comp>
    <comp ref="W2">
      <value>GND</value>
      <footprint>Pixels-dice:TEST_PIN</footprint>
      <fields>
        <field name="Generic OK">N/A</field>
      </fields>
      <libsource lib="Pixels-dice" part="TEST_1P-conn" description=""/>
      <property name="Generic OK" value="N/A"/>
      <property name="LCSC Part Number" value=""/>
      <property name="Sheetname" value=""/>
      <property name="Sheetfile" value="main.kicad_sch"/>
      <sheetpath names="/" tstamps="/"/>
      <tstamps>473580f7-dfbb-4909-a2e8-1117855c0e0e</tstamps>
    </comp>
    <comp ref="W3">
      <value>+5V</value>
      <footprint>Pixels-dice:TEST_PIN</footprint>
      <fields>
        <field name="Generic OK">N/A</field>
      </fields>
      <libsource lib="Pixels-dice" part="TEST_1P-conn" description=""/>
      <property name="Generic OK" value="N/A"/>
      <property name="LCSC Part Number" value=""/>
      <property name="Sheetname" value=""/>
      <property name="Sheetfile" value="main.kicad_sch"/>
      <sheetpath names="/" tstamps="/"/>
      <tstamps>e35c5c91-c6f1-45c9-b816-1311b28aa217</tstamps>
    </comp>
    <comp ref="W4">
      <value>PROG</value>
      <footprint>Pixels-dice:TEST_PIN</footprint>
      <fields>
        <field name="Generic OK">N/A</field>
      </fields>
      <libsource lib="Pixels-dice" part="TEST_1P-conn" description=""/>
      <property name="Generic OK" value="N/A"/>
      <property name="LCSC Part Number" value=""/>
      <property name="Sheetname" value=""/>
      <property name="Sheetfile" value="main.kicad_sch"/>
      <sheetpath names="/" tstamps="/"/>
      <tstamps>36da874a-6001-4076-b785-c9b6f9b839a3</tstamps>
    </comp>
    <comp ref="W5">
      <value>STAT</value>
      <footprint>Pixels-dice:TEST_PIN</footprint>
      <fields>
        <field name="Generic OK">N/A</field>
      </fields>
      <libsource lib="Pixels-dice" part="TEST_1P-conn" description=""/>
      <property name="Generic OK" value="N/A"/>
      <property name="LCSC Part Number" value=""/>
      <property name="Sheetname" value=""/>
      <property name="Sheetfile" value="main.kicad_sch"/>
      <sheetpath names="/" tstamps="/"/>
      <tstamps>e85e31aa-717f-4b27-b1a2-031742992d0f</tstamps>
    </comp>
    <comp ref="W6">
      <value>BATT</value>
      <footprint>Pixels-dice:TEST_PIN</footprint>
      <fields>
        <field name="Generic OK">N/A</field>
      </fields>
      <libsource lib="Pixels-dice" part="TEST_1P-conn" description=""/>
      <property name="Generic OK" value="N/A"/>
      <property name="LCSC Part Number" value=""/>
      <property name="Sheetname" value=""/>
      <property name="Sheetfile" value="main.kicad_sch"/>
      <sheetpath names="/" tstamps="/"/>
      <tstamps>e1951c44-897c-4adf-b02a-cf6e447fc8af</tstamps>
    </comp>
  </components>
  <libparts>
    <libpart lib="Connector_Generic" part="Conn_01x01">
      <description>Generic connector, single row, 01x01, script generated (kicad-library-utils/schlib/autogen/connector/)</description>
      <docs>~</docs>
      <footprints>
        <fp>Connector*:*_1x??_*</fp>
      </footprints>
      <fields>
        <field name="Reference">J</field>
        <field name="Value">Conn_01x01</field>
        <field name="Datasheet">~</field>
      </fields>
      <pins>
        <pin num="1" name="Pin_1" type="passive"/>
      </pins>
    </libpart>
    <libpart lib="Connector_Generic" part="Conn_01x03">
      <description>Generic connector, single row, 01x03, script generated (kicad-library-utils/schlib/autogen/connector/)</description>
      <docs>~</docs>
      <footprints>
        <fp>Connector*:*_1x??_*</fp>
      </footprints>
      <fields>
        <field name="Reference">J</field>
        <field name="Value">Conn_01x03</field>
        <field name="Datasheet">~</field>
      </fields>
      <pins>
        <pin num="1" name="Pin_1" type="passive"/>
        <pin num="2" name="Pin_2" type="passive"/>
        <pin num="3" name="Pin_3" type="passive"/>
      </pins>
    </libpart>
    <libpart lib="Connector_Generic" part="Conn_01x04">
      <description>Generic connector, single row, 01x04, script generated (kicad-library-utils/schlib/autogen/connector/)</description>
      <docs>~</docs>
      <footprints>
        <fp>Connector*:*_1x??_*</fp>
      </footprints>
      <fields>
        <field name="Reference">J</field>
        <field name="Value">Conn_01x04</field>
        <field name="Datasheet">~</field>
      </fields>
      <pins>
        <pin num="1" name="Pin_1" type="passive"/>
        <pin num="2" name="Pin_2" type="passive"/>
        <pin num="3" name="Pin_3" type="passive"/>
        <pin num="4" name="Pin_4" type="passive"/>
      </pins>
    </libpart>
    <libpart lib="Device" part="C">
      <description>Unpolarized capacitor</description>
      <docs>~</docs>
      <footprints>
        <fp>C_*</fp>
      </footprints>
      <fields>
        <field name="Reference">C</field>
        <field name="Value">C</field>
        <field name="Datasheet">~</field>
      </fields>
      <pins>
        <pin num="1" name="" type="passive"/>
        <pin num="2" name="" type="passive"/>
      </pins>
    </libpart>
    <libpart lib="Device" part="R">
      <description>Resistor</description>
      <docs>~</docs>
      <footprints>
        <fp>R_*</fp>
      </footprints>
      <fields>
        <field name="Reference">R</field>
        <field name="Value">R</field>
        <field name="Datasheet">~</field>
      </fields>
      <pins>
        <pin num="1" name="" type="passive"/>
        <pin num="2" name="" type="passive"/>
      </pins>
    </libpart>
    <libpart lib="Pixels-dice" part="BAV99S-diode">
      <footprints>
        <fp>SOT?363*</fp>
      </footprints>
      <fields>
        <field name="Reference">D</field>
        <field name="Value">BAV99S-diode</field>
        <field name="Footprint">Package_TO_SOT_SMD:SOT-363_SC-70-6</field>
      </fields>
      <pins>
        <pin num="1" name="A1" type="passive"/>
        <pin num="2" name="K2" type="passive"/>
        <pin num="3" name="K1A2" type="passive"/>
        <pin num="4" name="A3" type="passive"/>
        <pin num="5" name="K4" type="passive"/>
        <pin num="6" name="K3A4" type="passive"/>
      </pins>
    </libpart>
    <libpart lib="Pixels-dice" part="HX6306P502MR">
      <fields>
        <field name="Reference">U</field>
        <field name="Value">HX6306P502MR</field>
      </fields>
      <pins>
        <pin num="1" name="VSS" type="power_in"/>
        <pin num="2" name="VOUT" type="power_out"/>
        <pin num="3" name="VIN" type="power_in"/>
      </pins>
    </libpart>
    <libpart lib="Pixels-dice" part="MCP73831-2-OT-battery_management">
      <footprints>
        <fp>*SOT*23*</fp>
      </footprints>
      <fields>
        <field name="Reference">U</field>
        <field name="Value">MCP73831-2-OT-battery_management</field>
        <field name="Footprint">Package_TO_SOT_SMD:SOT-23-5</field>
      </fields>
      <pins>
        <pin num="1" name="STAT" type="output"/>
        <pin num="2" name="VSS" type="power_in"/>
        <pin num="3" name="VBAT" type="power_out"/>
        <pin num="4" name="VDD" type="power_in"/>
        <pin num="5" name="PROG" type="input"/>
      </pins>
    </libpart>
    <libpart lib="Pixels-dice" part="TEST_1P-conn">
      <fields>
        <field name="Reference">W</field>
        <field name="Value">TEST_1P-conn</field>
      </fields>
      <pins>
        <pin num="1" name="1" type="passive"/>
      </pins>
    </libpart>
  </libparts>
  <libraries>
    <library logical="Connector_Generic">
      <uri>C:\Program Files\KiCad\7.0\share\kicad\symbols\/Connector_Generic.kicad_sym</uri>
    </library>
    <library logical="Device">
      <uri>C:\Program Files\KiCad\7.0\share\kicad\symbols\/Device.kicad_sym</uri>
    </library>
  </libraries>
  <nets>
    <net code="1" name="+5V">
      <node ref="C3" pin="1" pintype="passive"/>
      <node ref="R1" pin="1" pintype="passive"/>
      <node ref="U1" pin="2" pinfunction="VOUT" pintype="power_out"/>
      <node ref="U2" pin="4" pinfunction="VDD" pintype="power_in"/>
      <node ref="W3" pin="1" pinfunction="1" pintype="passive"/>
    </net>
    <net code="2" name="+BATT">
      <node ref="J1" pin="4" pinfunction="Pin_4" pintype="passive"/>
      <node ref="U2" pin="3" pinfunction="VBAT" pintype="power_out"/>
      <node ref="W6" pin="1" pinfunction="1" pintype="passive"/>
    </net>
    <net code="3" name="/PROG">
      <node ref="J1" pin="1" pinfunction="Pin_1" pintype="passive"/>
      <node ref="R2" pin="1" pintype="passive"/>
      <node ref="U2" pin="5" pinfunction="PROG" pintype="input"/>
      <node ref="W4" pin="1" pinfunction="1" pintype="passive"/>
    </net>
    <net code="4" name="/STAT">
      <node ref="J1" pin="2" pinfunction="Pin_2" pintype="passive"/>
      <node ref="U2" pin="1" pinfunction="STAT" pintype="output"/>
      <node ref="W5" pin="1" pinfunction="1" pintype="passive"/>
    </net>
    <net code="5" name="GND">
      <node ref="C2" pin="2" pintype="passive"/>
      <node ref="C3" pin="2" pintype="passive"/>
      <node ref="D1" pin="1" pinfunction="A1" pintype="passive"/>
      <node ref="D1" pin="4" pinfunction="A3" pintype="passive"/>
      <node ref="J1" pin="3" pinfunction="Pin_3" pintype="passive"/>
      <node ref="J2" pin="1" pinfunction="Pin_1" pintype="passive"/>
      <node ref="J2" pin="2" pinfunction="Pin_2" pintype="passive"/>
      <node ref="J2" pin="3" pinfunction="Pin_3" pintype="passive"/>
      <node ref="R1" pin="2" pintype="passive"/>
      <node ref="R2" pin="2" pintype="passive"/>
      <node ref="U1" pin="1" pinfunction="VSS" pintype="power_in"/>
      <node ref="U2" pin="2" pinfunction="VSS" pintype="power_in"/>
      <node ref="W2" pin="1" pinfunction="1" pintype="passive"/>
    </net>
    <net code="6" name="Net-(D1A-K3A4)">
      <node ref="C1" pin="2" pintype="passive"/>
      <node ref="D1" pin="6" pinfunction="K3A4" pintype="passive"/>
      <node ref="P2" pin="1" pinfunction="Pin_1" pintype="passive"/>
    </net>
    <net code="7" name="Net-(D1B-K1A2)">
      <node ref="C1" pin="1" pintype="passive"/>
      <node ref="D1" pin="3" pinfunction="K1A2" pintype="passive"/>
      <node ref="P1" pin="1" pinfunction="Pin_1" pintype="passive"/>
    </net>
    <net code="8" name="VEE">
      <node ref="C2" pin="1" pintype="passive"/>
      <node ref="D1" pin="2" pinfunction="K2" pintype="passive"/>
      <node ref="D1" pin="5" pinfunction="K4" pintype="passive"/>
      <node ref="U1" pin="3" pinfunction="VIN" pintype="power_in"/>
      <node ref="W1" pin="1" pinfunction="1" pintype="passive"/>
    </net>
  </nets>
</export>
